IndicatorCode,Indicator,ValueType,ParentLocationCode,ParentLocation,Location type,SpatialDimValueCode,Location,Period type,Period,IsLatestYear,Dim1 type,Dim1,Dim1ValueCode,Dim2 type,Dim2,Dim2ValueCode,Dim3 type,Dim3,Dim3ValueCode,DataSourceDimValueCode,DataSource,FactValueNumericPrefix,FactValueNumeric,FactValueUoM,FactValueNumericLowPrefix,FactValueNumericLow,FactValueNumericHighPrefix,FactValueNumericHigh,Value,FactValueTranslationID,FactComments,Language,DateModified
SA_0000001688,"Alcohol, total per capita (15+) consumption (in litres of pure alcohol) (SDG Indicator 3.5.2), three-year average",text,SEAR,South-East Asia,Country,BGD,Bangladesh,Year,2022,true,Sex,Both sexes,SEX_BTSX,,,,,,,,,,0.003,,,0.0009,,0.038,0.0 [0.0 - 0.0],,,EN,2025-05-12T21:00:00.000Z
SA_0000001688,"Alcohol, total per capita (15+) consumption (in litres of pure alcohol) (SDG Indicator 3.5.2), three-year average",text,EMR,Eastern Mediterranean,Country,SOM,Somalia,Year,2022,true,Sex,Both sexes,SEX_BTSX,,,,,,,,,,0,,,0,,0,0.0 [0.0 - 0.0],,,EN,2025-05-12T21:00:00.000Z
SA_0000001688,"Alcohol, total per capita (15+) consumption (in litres of pure alcohol) (SDG Indicator 3.5.2), three-year average",text,EMR,Eastern Mediterranean,Country,YEM,Yemen,Year,2022,true,Sex,Both sexes,SEX_BTSX,,,,,,,,,,0.0001,,,0,,0.01,0.0 [0.0 - 0.0],,,EN,2025-05-12T21:00:00.000Z
SA_0000001688,"Alcohol, total per capita (15+) consumption (in litres of pure alcohol) (SDG Indicator 3.5.2), three-year average",text,EMR,Eastern Mediterranean,Country,AFG,Afghanistan,Year,2022,true,Sex,Both sexes,SEX_BTSX,,,,,,,,,,0.008,,,0,,0.083,0.0 [0.0 - 0.1],,,EN,2025-05-12T21:00:00.000Z
SA_0000001688,"Alcohol, total per capita (15+) consumption (in litres of pure alcohol) (SDG Indicator 3.5.2), three-year average",text,EMR,Eastern Mediterranean,Country,LBY,Libya,Year,2022,true,Sex,Both sexes,SEX_BTSX,,,,,,,,,,0.022,,,0,,0.15,0.0 [0.0 - 0.1],,,EN,2025-05-12T21:00:00.000Z
SA_0000001688,"Alcohol, total per capita (15+) consumption (in litres of pure alcohol) (SDG Indicator 3.5.2), three-year average",text,AFR,Africa,Country,MRT,Mauritania,Year,2022,true,Sex,Both sexes,SEX_BTSX,,,,,,,,,,0.008,,,0,,0.083,0.0 [0.0 - 0.1],,,EN,2025-05-12T21:00:00.000Z
SA_0000001688,"Alcohol, total per capita (15+) consumption (in litres of pure alcohol) (SDG Indicator 3.5.2), three-year average",text,EMR,Eastern Mediterranean,Country,SDN,Sudan,Year,2022,true,Sex,Both sexes,SEX_BTSX,,,,,,,,,,0.013,,,0,,0.11,0.0 [0.0 - 0.1],,,EN,2025-05-12T21:00:00.000Z
SA_0000001688,"Alcohol, total per capita (15+) consumption (in litres of pure alcohol) (SDG Indicator 3.5.2), three-year average",text,EMR,Eastern Mediterranean,Country,EGY,Egypt,Year,2022,true,Sex,Both sexes,SEX_BTSX,,,,,,,,,,0.093,,,0.019,,0.26,0.1 [0.0 - 0.3],,,EN,2025-05-12T21:00:00.000Z
SA_0000001688,"Alcohol, total per capita (15+) consumption (in litres of pure alcohol) (SDG Indicator 3.5.2), three-year average",text,WPR,Western Pacific,Country,IDN,Indonesia,Year,2022,true,Sex,Both sexes,SEX_BTSX,,,,,,,,,,0.085,,,0.023,,0.28,0.1 [0.0 - 0.3],,,EN,2025-05-12T21:00:00.000Z
SA_0000001688,"Alcohol, total per capita (15+) consumption (in litres of pure alcohol) (SDG Indicator 3.5.2), three-year average",text,EMR,Eastern Mediterranean,Country,IRN,Iran (Islamic Republic of),Year,2022,true,Sex,Both sexes,SEX_BTSX,,,,,,,,,,0.074,,,0,,0.29,0.1 [0.0 - 0.3],,,EN,2025-05-12T21:00:00.000Z
SA_0000001688,"Alcohol, total per capita (15+) consumption (in litres of pure alcohol) (SDG Indicator 3.5.2), three-year average",text,EMR,Eastern Mediterranean,Country,KWT,Kuwait,Year,2022,true,Sex,Both sexes,SEX_BTSX,,,,,,,,,,0.073,,,0.024,,0.27,0.1 [0.0 - 0.3],,,EN,2025-05-12T21:00:00.000Z
SA_0000001688,"Alcohol, total per capita (15+) consumption (in litres of pure alcohol) (SDG Indicator 3.5.2), three-year average",text,EMR,Eastern Mediterranean,Country,PAK,Pakistan,Year,2022,true,Sex,Both sexes,SEX_BTSX,,,,,,,,,,0.094,,,0.027,,0.31,0.1 [0.0 - 0.3],,,EN,2025-05-12T21:00:00.000Z
SA_0000001688,"Alcohol, total per capita (15+) consumption (in litres of pure alcohol) (SDG Indicator 3.5.2), three-year average",text,EMR,Eastern Mediterranean,Country,SYR,Syrian Arab Republic,Year,2022,true,Sex,Both sexes,SEX_BTSX,,,,,,,,,,0.096,,,0.038,,0.3,0.1 [0.0 - 0.3],,,EN,2025-05-12T21:00:00.000Z
SA_0000001688,"Alcohol, total per capita (15+) consumption (in litres of pure alcohol) (SDG Indicator 3.5.2), three-year average",text,AFR,Africa,Country,NER,Niger,Year,2022,true,Sex,Both sexes,SEX_BTSX,,,,,,,,,,0.15,,,0.052,,0.4,0.2 [0.1 - 0.4],,,EN,2025-05-12T21:00:00.000Z
SA_0000001688,"Alcohol, total per capita (15+) consumption (in litres of pure alcohol) (SDG Indicator 3.5.2), three-year average",text,SEAR,South-East Asia,Country,TLS,Timor-Leste,Year,2022,true,Sex,Both sexes,SEX_BTSX,,,,,,,,,,0.22,,,0.079,,0.51,0.2 [0.1 - 0.5],,,EN,2025-05-12T21:00:00.000Z
SA_0000001688,"Alcohol, total per capita (15+) consumption (in litres of pure alcohol) (SDG Indicator 3.5.2), three-year average",text,EMR,Eastern Mediterranean,Country,JOR,Jordan,Year,2022,true,Sex,Both sexes,SEX_BTSX,,,,,,,,,,0.25,,,0.099,,0.54,0.3 [0.1 - 0.5],,,EN,2025-05-12T21:00:00.000Z
SA_0000001688,"Alcohol, total per capita (15+) consumption (in litres of pure alcohol) (SDG Indicator 3.5.2), three-year average",text,WPR,Western Pacific,Country,TON,Tonga,Year,2022,true,Sex,Both sexes,SEX_BTSX,,,,,,,,,,0.31,,,0.13,,0.63,0.3 [0.1 - 0.6],,,EN,2025-05-12T21:00:00.000Z
SA_0000001688,"Alcohol, total per capita (15+) consumption (in litres of pure alcohol) (SDG Indicator 3.5.2), three-year average",text,AFR,Africa,Country,SLE,Sierra Leone,Year,2022,true,Sex,Both sexes,SEX_BTSX,,,,,,,,,,0.33,,,0.13,,0.72,0.3 [0.1 - 0.7],,,EN,2025-05-12T21:00:00.000Z
SA_0000001688,"Alcohol, total per capita (15+) consumption (in litres of pure alcohol) (SDG Indicator 3.5.2), three-year average",text,WPR,Western Pacific,Country,TUV,Tuvalu,Year,2022,true,Sex,Both sexes,SEX_BTSX,,,,,,,,,,0.32,,,0.12,,0.7,0.3 [0.1 - 0.7],,,EN,2025-05-12T21:00:00.000Z
SA_0000001688,"Alcohol, total per capita (15+) consumption (in litres of pure alcohol) (SDG Indicator 3.5.2), three-year average",text,EMR,Eastern Mediterranean,Country,DJI,Djibouti,Year,2022,true,Sex,Both sexes,SEX_BTSX,,,,,,,,,,0.35,,,0.16,,0.72,0.4 [0.2 - 0.7],,,EN,2025-05-12T21:00:00.000Z
SA_0000001688,"Alcohol, total per capita (15+) consumption (in litres of pure alcohol) (SDG Indicator 3.5.2), three-year average",text,AFR,Africa,Country,COM,Comoros,Year,2022,true,Sex,Both sexes,SEX_BTSX,,,,,,,,,,0.41,,,0.19,,0.81,0.4 [0.2 - 0.8],,,EN,2025-05-12T21:00:00.000Z
SA_0000001688,"Alcohol, total per capita (15+) consumption (in litres of pure alcohol) (SDG Indicator 3.5.2), three-year average",text,AFR,Africa,Country,SEN,Senegal,Year,2022,true,Sex,Both sexes,SEX_BTSX,,,,,,,,,,0.4,,,0.17,,0.8,0.4 [0.2 - 0.8],,,EN,2025-05-12T21:00:00.000Z
SA_0000001688,"Alcohol, total per capita (15+) consumption (in litres of pure alcohol) (SDG Indicator 3.5.2), three-year average",text,AFR,Africa,Country,DZA,Algeria,Year,2022,true,Sex,Both sexes,SEX_BTSX,,,,,,,,,,0.46,,,0.19,,0.82,0.5 [0.2 - 0.8],,,EN,2025-05-12T21:00:00.000Z
SA_0000001688,"Alcohol, total per capita (15+) consumption (in litres of pure alcohol) (SDG Indicator 3.5.2), three-year average",text,AFR,Africa,Country,GIN,Guinea,Year,2022,true,Sex,Both sexes,SEX_BTSX,,,,,,,,,,0.54,,,0.28,,0.99,0.5 [0.3 - 1.0],,,EN,2025-05-12T21:00:00.000Z
SA_0000001688,"Alcohol, total per capita (15+) consumption (in litres of pure alcohol) (SDG Indicator 3.5.2), three-year average",text,EMR,Eastern Mediterranean,Country,MAR,Morocco,Year,2022,true,Sex,Both sexes,SEX_BTSX,,,,,,,,,,0.57,,,0.26,,0.99,0.6 [0.3 - 1.0],,,EN,2025-05-12T21:00:00.000Z
SA_0000001688,"Alcohol, total per capita (15+) consumption (in litres of pure alcohol) (SDG Indicator 3.5.2), three-year average",text,AFR,Africa,Country,GMB,Gambia,Year,2022,true,Sex,Both sexes,SEX_BTSX,,,,,,,,,,0.62,,,0.29,,1.12,0.6 [0.3 - 1.1],,,EN,2025-05-12T21:00:00.000Z
SA_0000001688,"Alcohol, total per capita (15+) consumption (in litres of pure alcohol) (SDG Indicator 3.5.2), three-year average",text,EMR,Eastern Mediterranean,Country,IRQ,Iraq,Year,2022,true,Sex,Both sexes,SEX_BTSX,,,,,,,,,,0.64,,,0.32,,1.14,0.6 [0.3 - 1.1],,,EN,2025-05-12T21:00:00.000Z
SA_0000001688,"Alcohol, total per capita (15+) consumption (in litres of pure alcohol) (SDG Indicator 3.5.2), three-year average",text,EUR,Europe,Country,TJK,Tajikistan,Year,2022,true,Sex,Both sexes,SEX_BTSX,,,,,,,,,,0.73,,,0.33,,1.16,0.7 [0.3 - 1.2],,,EN,2025-05-12T21:00:00.000Z
SA_0000001688,"Alcohol, total per capita (15+) consumption (in litres of pure alcohol) (SDG Indicator 3.5.2), three-year average",text,EMR,Eastern Mediterranean,Country,OMN,Oman,Year,2022,true,Sex,Both sexes,SEX_BTSX,,,,,,,,,,0.73,,,0.32,,1.27,0.7 [0.3 - 1.3],,,EN,2025-05-12T21:00:00.000Z
SA_0000001688,"Alcohol, total per capita (15+) consumption (in litres of pure alcohol) (SDG Indicator 3.5.2), three-year average",text,WPR,Western Pacific,Country,BRN,Brunei Darussalam,Year,2022,true,Sex,Both sexes,SEX_BTSX,,,,,,,,,,0.71,,,0.36,,1.23,0.7 [0.4 - 1.2],,,EN,2025-05-12T21:00:00.000Z
SA_0000001688,"Alcohol, total per capita (15+) consumption (in litres of pure alcohol) (SDG Indicator 3.5.2), three-year average",text,EMR,Eastern Mediterranean,Country,ARE,United Arab Emirates,Year,2022,true,Sex,Both sexes,SEX_BTSX,,,,,,,,,,0.82,,,0.13,,1.56,0.8 [0.1 - 1.6],,,EN,2025-05-12T21:00:00.000Z
SA_0000001688,"Alcohol, total per capita (15+) consumption (in litres of pure alcohol) (SDG Indicator 3.5.2), three-year average",text,WPR,Western Pacific,Country,MYS,Malaysia,Year,2022,true,Sex,Both sexes,SEX_BTSX,,,,,,,,,,0.81,,,0.39,,1.32,0.8 [0.4 - 1.3],,,EN,2025-05-12T21:00:00.000Z
SA_0000001688,"Alcohol, total per capita (15+) consumption (in litres of pure alcohol) (SDG Indicator 3.5.2), three-year average",text,AFR,Africa,Country,SSD,South Sudan,Year,2022,true,Sex,Both sexes,SEX_BTSX,,,,,,,,,,0.77,,,0.38,,1.33,0.8 [0.4 - 1.3],,,EN,2025-05-12T21:00:00.000Z
SA_0000001688,"Alcohol, total per capita (15+) consumption (in litres of pure alcohol) (SDG Indicator 3.5.2), three-year average",text,WPR,Western Pacific,Country,SLB,Solomon Islands,Year,2022,true,Sex,Both sexes,SEX_BTSX,,,,,,,,,,0.83,,,0.44,,1.35,0.8 [0.4 - 1.4],,,EN,2025-05-12T21:00:00.000Z
SA_0000001688,"Alcohol, total per capita (15+) consumption (in litres of pure alcohol) (SDG Indicator 3.5.2), three-year average",text,AFR,Africa,Country,MDG,Madagascar,Year,2022,true,Sex,Both sexes,SEX_BTSX,,,,,,,,,,0.86,,,0.42,,1.41,0.9 [0.4 - 1.4],,,EN,2025-05-12T21:00:00.000Z
SA_0000001688,"Alcohol, total per capita (15+) consumption (in litres of pure alcohol) (SDG Indicator 3.5.2), three-year average",text,WPR,Western Pacific,Country,KIR,Kiribati,Year,2022,true,Sex,Both sexes,SEX_BTSX,,,,,,,,,,1.03,,,0.47,,1.73,1.0 [0.5 - 1.7],,,EN,2025-05-12T21:00:00.000Z
SA_0000001688,"Alcohol, total per capita (15+) consumption (in litres of pure alcohol) (SDG Indicator 3.5.2), three-year average",text,AFR,Africa,Country,TGO,Togo,Year,2022,true,Sex,Both sexes,SEX_BTSX,,,,,,,,,,1.2,,,0.73,,1.78,1.2 [0.7 - 1.8],,,EN,2025-05-12T21:00:00.000Z
SA_0000001688,"Alcohol, total per capita (15+) consumption (in litres of pure alcohol) (SDG Indicator 3.5.2), three-year average",text,WPR,Western Pacific,Country,PNG,Papua New Guinea,Year,2022,true,Sex,Both sexes,SEX_BTSX,,,,,,,,,,1.27,,,0.7,,1.96,1.3 [0.7 - 2.0],,,EN,2025-05-12T21:00:00.000Z
SA_0000001688,"Alcohol, total per capita (15+) consumption (in litres of pure alcohol) (SDG Indicator 3.5.2), three-year average",text,EMR,Eastern Mediterranean,Country,QAT,Qatar,Year,2022,true,Sex,Both sexes,SEX_BTSX,,,,,,,,,,1.29,,,0.73,,1.96,1.3 [0.7 - 2.0],,,EN,2025-05-12T21:00:00.000Z
SA_0000001688,"Alcohol, total per capita (15+) consumption (in litres of pure alcohol) (SDG Indicator 3.5.2), three-year average",text,AFR,Africa,Country,ERI,Eritrea,Year,2022,true,Sex,Both sexes,SEX_BTSX,,,,,,,,,,1.31,,,0.76,,2.02,1.3 [0.8 - 2.0],,,EN,2025-05-12T21:00:00.000Z
SA_0000001688,"Alcohol, total per capita (15+) consumption (in litres of pure alcohol) (SDG Indicator 3.5.2), three-year average",text,SEAR,South-East Asia,Country,MDV,Maldives,Year,2022,true,Sex,Both sexes,SEX_BTSX,,,,,,,,,,1.62,,,0.28,,3.03,1.6 [0.3 - 3.0],,,EN,2025-05-12T21:00:00.000Z
SA_0000001688,"Alcohol, total per capita (15+) consumption (in litres of pure alcohol) (SDG Indicator 3.5.2), three-year average",text,EMR,Eastern Mediterranean,Country,LBN,Lebanon,Year,2022,true,Sex,Both sexes,SEX_BTSX,,,,,,,,,,1.59,,,0.97,,2.33,1.6 [1.0 - 2.3],,,EN,2025-05-12T21:00:00.000Z
SA_0000001688,"Alcohol, total per capita (15+) consumption (in litres of pure alcohol) (SDG Indicator 3.5.2), three-year average",text,EMR,Eastern Mediterranean,Country,BHR,Bahrain,Year,2022,true,Sex,Both sexes,SEX_BTSX,,,,,,,,,,1.66,,,0.95,,2.42,1.7 [0.9 - 2.4],,,EN,2025-05-12T21:00:00.000Z
SA_0000001688,"Alcohol, total per capita (15+) consumption (in litres of pure alcohol) (SDG Indicator 3.5.2), three-year average",text,AMR,Americas,Country,GTM,Guatemala,Year,2022,true,Sex,Both sexes,SEX_BTSX,,,,,,,,,,1.7,,,1.04,,2.35,1.7 [1.0 - 2.3],,,EN,2025-05-12T21:00:00.000Z
SA_0000001688,"Alcohol, total per capita (15+) consumption (in litres of pure alcohol) (SDG Indicator 3.5.2), three-year average",text,AFR,Africa,Country,MWI,Malawi,Year,2022,true,Sex,Both sexes,SEX_BTSX,,,,,,,,,,1.7,,,0.97,,2.52,1.7 [1.0 - 2.5],,,EN,2025-05-12T21:00:00.000Z
SA_0000001688,"Alcohol, total per capita (15+) consumption (in litres of pure alcohol) (SDG Indicator 3.5.2), three-year average",text,EMR,Eastern Mediterranean,Country,TUN,Tunisia,Year,2022,true,Sex,Both sexes,SEX_BTSX,,,,,,,,,,1.81,,,1.17,,2.59,1.8 [1.2 - 2.6],,,EN,2025-05-12T21:00:00.000Z
SA_0000001688,"Alcohol, total per capita (15+) consumption (in litres of pure alcohol) (SDG Indicator 3.5.2), three-year average",text,AFR,Africa,Country,MOZ,Mozambique,Year,2022,true,Sex,Both sexes,SEX_BTSX,,,,,,,,,,1.91,,,1.14,,2.74,1.9 [1.1 - 2.7],,,EN,2025-05-12T21:00:00.000Z
SA_0000001688,"Alcohol, total per capita (15+) consumption (in litres of pure alcohol) (SDG Indicator 3.5.2), three-year average",text,WPR,Western Pacific,Country,VUT,Vanuatu,Year,2022,true,Sex,Both sexes,SEX_BTSX,,,,,,,,,,1.89,,,1.12,,2.67,1.9 [1.1 - 2.7],,,EN,2025-05-12T21:00:00.000Z
SA_0000001688,"Alcohol, total per capita (15+) consumption (in litres of pure alcohol) (SDG Indicator 3.5.2), three-year average",text,SEAR,South-East Asia,Country,MMR,Myanmar,Year,2022,true,Sex,Both sexes,SEX_BTSX,,,,,,,,,,1.87,,,1.25,,2.66,1.9 [1.2 - 2.7],,,EN,2025-05-12T21:00:00.000Z
SA_0000001688,"Alcohol, total per capita (15+) consumption (in litres of pure alcohol) (SDG Indicator 3.5.2), three-year average",text,AMR,Americas,Country,CAN,Canada,Year,2022,true,Sex,Both sexes,SEX_BTSX,,,,,,,,,,10.03,,,8.24,,11.99,10.0 [8.2 - 12.0],,,EN,2025-05-12T21:00:00.000Z
SA_0000001688,"Alcohol, total per capita (15+) consumption (in litres of pure alcohol) (SDG Indicator 3.5.2), three-year average",text,EUR,Europe,Country,DNK,Denmark,Year,2022,true,Sex,Both sexes,SEX_BTSX,,,,,,,,,,9.97,,,8.36,,11.77,10.0 [8.4 - 11.8],,,EN,2025-05-12T21:00:00.000Z
SA_0000001688,"Alcohol, total per capita (15+) consumption (in litres of pure alcohol) (SDG Indicator 3.5.2), three-year average",text,EUR,Europe,Country,EST,Estonia,Year,2022,true,Sex,Both sexes,SEX_BTSX,,,,,,,,,,10.49,,,8.17,,12.89,10.5 [8.2 - 12.9],,,EN,2025-05-12T21:00:00.000Z
SA_0000001688,"Alcohol, total per capita (15+) consumption (in litres of pure alcohol) (SDG Indicator 3.5.2), three-year average",text,EUR,Europe,Country,RUS,Russian Federation,Year,2022,true,Sex,Both sexes,SEX_BTSX,,,,,,,,,,10.51,,,8.55,,12.52,10.5 [8.6 - 12.5],,,EN,2025-05-12T21:00:00.000Z
SA_0000001688,"Alcohol, total per capita (15+) consumption (in litres of pure alcohol) (SDG Indicator 3.5.2), three-year average",text,EUR,Europe,Country,IRL,Ireland,Year,2022,true,Sex,Both sexes,SEX_BTSX,,,,,,,,,,10.55,,,8.73,,12.2,10.5 [8.7 - 12.2],,,EN,2025-05-12T21:00:00.000Z
SA_0000001688,"Alcohol, total per capita (15+) consumption (in litres of pure alcohol) (SDG Indicator 3.5.2), three-year average",text,WPR,Western Pacific,Country,VNM,Viet Nam,Year,2022,true,Sex,Both sexes,SEX_BTSX,,,,,,,,,,10.72,,,8.35,,12.91,10.7 [8.3 - 12.9],,,EN,2025-05-12T21:00:00.000Z
SA_0000001688,"Alcohol, total per capita (15+) consumption (in litres of pure alcohol) (SDG Indicator 3.5.2), three-year average",text,EUR,Europe,Country,LUX,Luxembourg,Year,2022,true,Sex,Both sexes,SEX_BTSX,,,,,,,,,,10.8,,,9.08,,12.61,10.8 [9.1 - 12.6],,,EN,2025-05-12T21:00:00.000Z
SA_0000001688,"Alcohol, total per capita (15+) consumption (in litres of pure alcohol) (SDG Indicator 3.5.2), three-year average",text,EUR,Europe,Country,HRV,Croatia,Year,2022,true,Sex,Both sexes,SEX_BTSX,,,,,,,,,,10.85,,,9.14,,12.78,10.8 [9.1 - 12.8],,,EN,2025-05-12T21:00:00.000Z
SA_0000001688,"Alcohol, total per capita (15+) consumption (in litres of pure alcohol) (SDG Indicator 3.5.2), three-year average",text,EUR,Europe,Country,SVN,Slovenia,Year,2022,true,Sex,Both sexes,SEX_BTSX,,,,,,,,,,10.9,,,9.12,,12.63,10.9 [9.1 - 12.6],,,EN,2025-05-12T21:00:00.000Z
SA_0000001688,"Alcohol, total per capita (15+) consumption (in litres of pure alcohol) (SDG Indicator 3.5.2), three-year average",text,EUR,Europe,Country,GBR,United Kingdom of Great Britain and Northern Ireland,Year,2022,true,Sex,Both sexes,SEX_BTSX,,,,,,,,,,10.86,,,9.2,,12.56,10.9 [9.2 - 12.6],,,EN,2025-05-12T21:00:00.000Z
SA_0000001688,"Alcohol, total per capita (15+) consumption (in litres of pure alcohol) (SDG Indicator 3.5.2), three-year average",text,EUR,Europe,Country,ESP,Spain,Year,2022,true,Sex,Both sexes,SEX_BTSX,,,,,,,,,,10.97,,,9.24,,12.66,11.0 [9.2 - 12.7],,,EN,2025-05-12T21:00:00.000Z
SA_0000001688,"Alcohol, total per capita (15+) consumption (in litres of pure alcohol) (SDG Indicator 3.5.2), three-year average",text,EUR,Europe,Country,SVK,Slovakia,Year,2022,true,Sex,Both sexes,SEX_BTSX,,,,,,,,,,10.97,,,9.25,,12.78,11.0 [9.3 - 12.8],,,EN,2025-05-12T21:00:00.000Z
SA_0000001688,"Alcohol, total per capita (15+) consumption (in litres of pure alcohol) (SDG Indicator 3.5.2), three-year average",text,EUR,Europe,Country,AND,Andorra,Year,2022,true,Sex,Both sexes,SEX_BTSX,,,,,,,,,,11.06,,,9.37,,12.77,11.1 [9.4 - 12.8],,,EN,2025-05-12T21:00:00.000Z
SA_0000001688,"Alcohol, total per capita (15+) consumption (in litres of pure alcohol) (SDG Indicator 3.5.2), three-year average",text,WPR,Western Pacific,Country,LAO,Lao People's Democratic Republic,Year,2022,true,Sex,Both sexes,SEX_BTSX,,,,,,,,,,11.17,,,9.19,,13.36,11.2 [9.2 - 13.4],,,EN,2025-05-12T21:00:00.000Z
SA_0000001688,"Alcohol, total per capita (15+) consumption (in litres of pure alcohol) (SDG Indicator 3.5.2), three-year average",text,WPR,Western Pacific,Country,AUS,Australia,Year,2022,true,Sex,Both sexes,SEX_BTSX,,,,,,,,,,11.15,,,9.4,,12.99,11.2 [9.4 - 13.0],,,EN,2025-05-12T21:00:00.000Z
SA_0000001688,"Alcohol, total per capita (15+) consumption (in litres of pure alcohol) (SDG Indicator 3.5.2), three-year average",text,EUR,Europe,Country,DEU,Germany,Year,2022,true,Sex,Both sexes,SEX_BTSX,,,,,,,,,,11.24,,,9.45,,12.92,11.2 [9.5 - 12.9],,,EN,2025-05-12T21:00:00.000Z
SA_0000001688,"Alcohol, total per capita (15+) consumption (in litres of pure alcohol) (SDG Indicator 3.5.2), three-year average",text,EUR,Europe,Country,PRT,Portugal,Year,2022,true,Sex,Both sexes,SEX_BTSX,,,,,,,,,,11.22,,,9.46,,12.97,11.2 [9.5 - 13.0],,,EN,2025-05-12T21:00:00.000Z
SA_0000001688,"Alcohol, total per capita (15+) consumption (in litres of pure alcohol) (SDG Indicator 3.5.2), three-year average",text,EUR,Europe,Country,FRA,France,Year,2022,true,Sex,Both sexes,SEX_BTSX,,,,,,,,,,11.2,,,9.46,,13.05,11.2 [9.5 - 13.1],,,EN,2025-05-12T21:00:00.000Z
SA_0000001688,"Alcohol, total per capita (15+) consumption (in litres of pure alcohol) (SDG Indicator 3.5.2), three-year average",text,EUR,Europe,Country,HUN,Hungary,Year,2022,true,Sex,Both sexes,SEX_BTSX,,,,,,,,,,11.25,,,9.6,,13.01,11.3 [9.6 - 13.0],,,EN,2025-05-12T21:00:00.000Z
SA_0000001688,"Alcohol, total per capita (15+) consumption (in litres of pure alcohol) (SDG Indicator 3.5.2), three-year average",text,AMR,Americas,Country,LCA,Saint Lucia,Year,2022,true,Sex,Both sexes,SEX_BTSX,,,,,,,,,,11.39,,,9.53,,13.23,11.4 [9.5 - 13.2],,,EN,2025-05-12T21:00:00.000Z
SA_0000001688,"Alcohol, total per capita (15+) consumption (in litres of pure alcohol) (SDG Indicator 3.5.2), three-year average",text,AFR,Africa,Country,SYC,Seychelles,Year,2022,true,Sex,Both sexes,SEX_BTSX,,,,,,,,,,11.41,,,9.57,,13.24,11.4 [9.6 - 13.2],,,EN,2025-05-12T21:00:00.000Z
SA_0000001688,"Alcohol, total per capita (15+) consumption (in litres of pure alcohol) (SDG Indicator 3.5.2), three-year average",text,EUR,Europe,Country,BLR,Belarus,Year,2022,true,Sex,Both sexes,SEX_BTSX,,,,,,,,,,11.4,,,9.76,,13.17,11.4 [9.8 - 13.2],,,EN,2025-05-12T21:00:00.000Z
SA_0000001688,"Alcohol, total per capita (15+) consumption (in litres of pure alcohol) (SDG Indicator 3.5.2), three-year average",text,EUR,Europe,Country,BGR,Bulgaria,Year,2022,true,Sex,Both sexes,SEX_BTSX,,,,,,,,,,11.54,,,9.69,,13.31,11.5 [9.7 - 13.3],,,EN,2025-05-12T21:00:00.000Z
SA_0000001688,"Alcohol, total per capita (15+) consumption (in litres of pure alcohol) (SDG Indicator 3.5.2), three-year average",text,EUR,Europe,Country,AUT,Austria,Year,2022,true,Sex,Both sexes,SEX_BTSX,,,,,,,,,,11.85,,,10.17,,13.65,11.8 [10.2 - 13.7],,,EN,2025-05-12T21:00:00.000Z
SA_0000001688,"Alcohol, total per capita (15+) consumption (in litres of pure alcohol) (SDG Indicator 3.5.2), three-year average",text,EUR,Europe,Country,POL,Poland,Year,2022,true,Sex,Both sexes,SEX_BTSX,,,,,,,,,,11.92,,,10.15,,13.87,11.9 [10.1 - 13.9],,,EN,2025-05-12T21:00:00.000Z
SA_0000001688,"Alcohol, total per capita (15+) consumption (in litres of pure alcohol) (SDG Indicator 3.5.2), three-year average",text,AFR,Africa,Country,NAM,Namibia,Year,2022,true,Sex,Both sexes,SEX_BTSX,,,,,,,,,,11.99,,,10.2,,13.85,12.0 [10.2 - 13.9],,,EN,2025-05-12T21:00:00.000Z
SA_0000001688,"Alcohol, total per capita (15+) consumption (in litres of pure alcohol) (SDG Indicator 3.5.2), three-year average",text,EUR,Europe,Country,LTU,Lithuania,Year,2022,true,Sex,Both sexes,SEX_BTSX,,,,,,,,,,12.18,,,10.5,,14.02,12.2 [10.5 - 14.0],,,EN,2025-05-12T21:00:00.000Z
SA_0000001688,"Alcohol, total per capita (15+) consumption (in litres of pure alcohol) (SDG Indicator 3.5.2), three-year average",text,EUR,Europe,Country,CZE,Czechia,Year,2022,true,Sex,Both sexes,SEX_BTSX,,,,,,,,,,13.68,,,11.81,,15.58,13.7 [11.8 - 15.6],,,EN,2025-05-12T21:00:00.000Z
SA_0000001688,"Alcohol, total per capita (15+) consumption (in litres of pure alcohol) (SDG Indicator 3.5.2), three-year average",text,EUR,Europe,Country,MDA,Republic of Moldova,Year,2022,true,Sex,Both sexes,SEX_BTSX,,,,,,,,,,14.13,,,12.09,,16.29,14.1 [12.1 - 16.3],,,EN,2025-05-12T21:00:00.000Z
SA_0000001688,"Alcohol, total per capita (15+) consumption (in litres of pure alcohol) (SDG Indicator 3.5.2), three-year average",text,EUR,Europe,Country,LVA,Latvia,Year,2022,true,Sex,Both sexes,SEX_BTSX,,,,,,,,,,14.73,,,12.63,,17.3,14.7 [12.6 - 17.3],,,EN,2025-05-12T21:00:00.000Z
SA_0000001688,"Alcohol, total per capita (15+) consumption (in litres of pure alcohol) (SDG Indicator 3.5.2), three-year average",text,EUR,Europe,Country,GEO,Georgia,Year,2022,true,Sex,Both sexes,SEX_BTSX,,,,,,,,,,15.54,,,12.89,,17.89,15.5 [12.9 - 17.9],,,EN,2025-05-12T21:00:00.000Z
SA_0000001688,"Alcohol, total per capita (15+) consumption (in litres of pure alcohol) (SDG Indicator 3.5.2), three-year average",text,EUR,Europe,Country,ROU,Romania,Year,2022,true,Sex,Both sexes,SEX_BTSX,,,,,,,,,,17.06,,,14.56,,19.79,17.1 [14.6 - 19.8],,,EN,2025-05-12T21:00:00.000Z
SA_0000001688,"Alcohol, total per capita (15+) consumption (in litres of pure alcohol) (SDG Indicator 3.5.2), three-year average",text,AFR,Africa,Country,COD,Democratic Republic of the Congo,Year,2022,true,Sex,Both sexes,SEX_BTSX,,,,,,,,,,1.97,,,1.11,,2.85,2.0 [1.1 - 2.8],,,EN,2025-05-12T21:00:00.000Z
SA_0000001688,"Alcohol, total per capita (15+) consumption (in litres of pure alcohol) (SDG Indicator 3.5.2), three-year average",text,WPR,Western Pacific,Country,SGP,Singapore,Year,2022,true,Sex,Both sexes,SEX_BTSX,,,,,,,,,,1.96,,,1.24,,2.76,2.0 [1.2 - 2.8],,,EN,2025-05-12T21:00:00.000Z
SA_0000001688,"Alcohol, total per capita (15+) consumption (in litres of pure alcohol) (SDG Indicator 3.5.2), three-year average",text,WPR,Western Pacific,Country,FSM,Micronesia (Federated States of),Year,2022,true,Sex,Both sexes,SEX_BTSX,,,,,,,,,,1.96,,,1.3,,2.77,2.0 [1.3 - 2.8],,,EN,2025-05-12T21:00:00.000Z
SA_0000001688,"Alcohol, total per capita (15+) consumption (in litres of pure alcohol) (SDG Indicator 3.5.2), three-year average",text,EUR,Europe,Country,UZB,Uzbekistan,Year,2022,true,Sex,Both sexes,SEX_BTSX,,,,,,,,,,2.06,,,1.35,,2.82,2.1 [1.4 - 2.8],,,EN,2025-05-12T21:00:00.000Z
SA_0000001688,"Alcohol, total per capita (15+) consumption (in litres of pure alcohol) (SDG Indicator 3.5.2), three-year average",text,AFR,Africa,Country,CAF,Central African Republic,Year,2022,true,Sex,Both sexes,SEX_BTSX,,,,,,,,,,2.11,,,1.37,,2.97,2.1 [1.4 - 3.0],,,EN,2025-05-12T21:00:00.000Z
SA_0000001688,"Alcohol, total per capita (15+) consumption (in litres of pure alcohol) (SDG Indicator 3.5.2), three-year average",text,EUR,Europe,Country,TUR,TÃ¼rkiye,Year,2022,true,Sex,Both sexes,SEX_BTSX,,,,,,,,,,2.2,,,1.4,,3.09,2.2 [1.4 - 3.1],,,EN,2025-05-12T21:00:00.000Z
SA_0000001688,"Alcohol, total per capita (15+) consumption (in litres of pure alcohol) (SDG Indicator 3.5.2), three-year average",text,AFR,Africa,Country,NGA,Nigeria,Year,2022,true,Sex,Both sexes,SEX_BTSX,,,,,,,,,,2.31,,,1.51,,3.24,2.3 [1.5 - 3.2],,,EN,2025-05-12T21:00:00.000Z
SA_0000001688,"Alcohol, total per capita (15+) consumption (in litres of pure alcohol) (SDG Indicator 3.5.2), three-year average",text,EUR,Europe,Country,AZE,Azerbaijan,Year,2022,true,Sex,Both sexes,SEX_BTSX,,,,,,,,,,2.32,,,1.46,,3.28,2.3 [1.5 - 3.3],,,EN,2025-05-12T21:00:00.000Z
SA_0000001688,"Alcohol, total per capita (15+) consumption (in litres of pure alcohol) (SDG Indicator 3.5.2), three-year average",text,AMR,Americas,Country,VEN,Venezuela (Bolivarian Republic of),Year,2022,true,Sex,Both sexes,SEX_BTSX,,,,,,,,,,2.34,,,1.6,,3.21,2.3 [1.6 - 3.2],,,EN,2025-05-12T21:00:00.000Z
SA_0000001688,"Alcohol, total per capita (15+) consumption (in litres of pure alcohol) (SDG Indicator 3.5.2), three-year average",text,AFR,Africa,Country,KEN,Kenya,Year,2022,true,Sex,Both sexes,SEX_BTSX,,,,,,,,,,2.48,,,1.65,,3.45,2.5 [1.7 - 3.4],,,EN,2025-05-12T21:00:00.000Z
SA_0000001688,"Alcohol, total per capita (15+) consumption (in litres of pure alcohol) (SDG Indicator 3.5.2), three-year average",text,AMR,Americas,Country,ECU,Ecuador,Year,2022,true,Sex,Both sexes,SEX_BTSX,,,,,,,,,,2.69,,,1.94,,3.65,2.7 [1.9 - 3.6],,,EN,2025-05-12T21:00:00.000Z
SA_0000001688,"Alcohol, total per capita (15+) consumption (in litres of pure alcohol) (SDG Indicator 3.5.2), three-year average",text,SEAR,South-East Asia,Country,LKA,Sri Lanka,Year,2022,true,Sex,Both sexes,SEX_BTSX,,,,,,,,,,2.7,,,1.94,,3.6,2.7 [1.9 - 3.6],,,EN,2025-05-12T21:00:00.000Z
SA_0000001688,"Alcohol, total per capita (15+) consumption (in litres of pure alcohol) (SDG Indicator 3.5.2), three-year average",text,AFR,Africa,Country,LBR,Liberia,Year,2022,true,Sex,Both sexes,SEX_BTSX,,,,,,,,,,2.83,,,1.61,,3.95,2.8 [1.6 - 4.0],,,EN,2025-05-12T21:00:00.000Z
SA_0000001688,"Alcohol, total per capita (15+) consumption (in litres of pure alcohol) (SDG Indicator 3.5.2), three-year average",text,WPR,Western Pacific,Country,WSM,Samoa,Year,2022,true,Sex,Both sexes,SEX_BTSX,,,,,,,,,,2.86,,,1.96,,3.88,2.9 [2.0 - 3.9],,,EN,2025-05-12T21:00:00.000Z
SA_0000001688,"Alcohol, total per capita (15+) consumption (in litres of pure alcohol) (SDG Indicator 3.5.2), three-year average",text,AFR,Africa,Country,TCD,Chad,Year,2022,true,Sex,Both sexes,SEX_BTSX,,,,,,,,,,3.02,,,1.75,,4.35,3.0 [1.8 - 4.3],,,EN,2025-05-12T21:00:00.000Z
SA_0000001688,"Alcohol, total per capita (15+) consumption (in litres of pure alcohol) (SDG Indicator 3.5.2), three-year average",text,WPR,Western Pacific,Country,NRU,Nauru,Year,2022,true,Sex,Both sexes,SEX_BTSX,,,,,,,,,,2.97,,,2.05,,3.87,3.0 [2.0 - 3.9],,,EN,2025-05-12T21:00:00.000Z
SA_0000001688,"Alcohol, total per capita (15+) consumption (in litres of pure alcohol) (SDG Indicator 3.5.2), three-year average",text,EUR,Europe,Country,TKM,Turkmenistan,Year,2022,true,Sex,Both sexes,SEX_BTSX,,,,,,,,,,3.02,,,2.19,,4.02,3.0 [2.2 - 4.0],,,EN,2025-05-12T21:00:00.000Z
SA_0000001688,"Alcohol, total per capita (15+) consumption (in litres of pure alcohol) (SDG Indicator 3.5.2), three-year average",text,AFR,Africa,Country,ETH,Ethiopia,Year,2022,true,Sex,Both sexes,SEX_BTSX,,,,,,,,,,3.14,,,2.08,,4.32,3.1 [2.1 - 4.3],,,EN,2025-05-12T21:00:00.000Z
SA_0000001688,"Alcohol, total per capita (15+) consumption (in litres of pure alcohol) (SDG Indicator 3.5.2), three-year average",text,AMR,Americas,Country,HND,Honduras,Year,2022,true,Sex,Both sexes,SEX_BTSX,,,,,,,,,,3.14,,,2.2,,4.16,3.1 [2.2 - 4.2],,,EN,2025-05-12T21:00:00.000Z
SA_0000001688,"Alcohol, total per capita (15+) consumption (in litres of pure alcohol) (SDG Indicator 3.5.2), three-year average",text,EUR,Europe,Country,ISR,Israel,Year,2022,true,Sex,Both sexes,SEX_BTSX,,,,,,,,,,3.12,,,2.27,,4.15,3.1 [2.3 - 4.2],,,EN,2025-05-12T21:00:00.000Z
SA_0000001688,"Alcohol, total per capita (15+) consumption (in litres of pure alcohol) (SDG Indicator 3.5.2), three-year average",text,AFR,Africa,Country,GNB,Guinea-Bissau,Year,2022,true,Sex,Both sexes,SEX_BTSX,,,,,,,,,,3.22,,,2.16,,4.3,3.2 [2.2 - 4.3],,,EN,2025-05-12T21:00:00.000Z
SA_0000001688,"Alcohol, total per capita (15+) consumption (in litres of pure alcohol) (SDG Indicator 3.5.2), three-year average",text,WPR,Western Pacific,Country,NIU,Niue,Year,2022,true,Sex,Both sexes,SEX_BTSX,,,,,,,,,,3.28,,,2.22,,4.36,3.3 [2.2 - 4.4],,,EN,2025-05-12T21:00:00.000Z
SA_0000001688,"Alcohol, total per capita (15+) consumption (in litres of pure alcohol) (SDG Indicator 3.5.2), three-year average",text,AMR,Americas,Country,HTI,Haiti,Year,2022,true,Sex,Both sexes,SEX_BTSX,,,,,,,,,,3.32,,,2.3,,4.32,3.3 [2.3 - 4.3],,,EN,2025-05-12T21:00:00.000Z
SA_0000001688,"Alcohol, total per capita (15+) consumption (in litres of pure alcohol) (SDG Indicator 3.5.2), three-year average",text,AMR,Americas,Country,SLV,El Salvador,Year,2022,true,Sex,Both sexes,SEX_BTSX,,,,,,,,,,3.4,,,2.5,,4.45,3.4 [2.5 - 4.5],,,EN,2025-05-12T21:00:00.000Z
SA_0000001688,"Alcohol, total per capita (15+) consumption (in litres of pure alcohol) (SDG Indicator 3.5.2), three-year average",text,WPR,Western Pacific,Country,FJI,Fiji,Year,2022,true,Sex,Both sexes,SEX_BTSX,,,,,,,,,,3.48,,,2.4,,4.58,3.5 [2.4 - 4.6],,,EN,2025-05-12T21:00:00.000Z
SA_0000001688,"Alcohol, total per capita (15+) consumption (in litres of pure alcohol) (SDG Indicator 3.5.2), three-year average",text,AFR,Africa,Country,MLI,Mali,Year,2022,true,Sex,Both sexes,SEX_BTSX,,,,,,,,,,3.56,,,2.32,,4.78,3.6 [2.3 - 4.8],,,EN,2025-05-12T21:00:00.000Z
SA_0000001688,"Alcohol, total per capita (15+) consumption (in litres of pure alcohol) (SDG Indicator 3.5.2), three-year average",text,AMR,Americas,Country,BOL,Bolivia (Plurinational State of),Year,2022,true,Sex,Both sexes,SEX_BTSX,,,,,,,,,,3.61,,,2.66,,4.78,3.6 [2.7 - 4.8],,,EN,2025-05-12T21:00:00.000Z
SA_0000001688,"Alcohol, total per capita (15+) consumption (in litres of pure alcohol) (SDG Indicator 3.5.2), three-year average",text,AFR,Africa,Country,ZMB,Zambia,Year,2022,true,Sex,Both sexes,SEX_BTSX,,,,,,,,,,3.61,,,2.66,,4.77,3.6 [2.7 - 4.8],,,EN,2025-05-12T21:00:00.000Z
SA_0000001688,"Alcohol, total per capita (15+) consumption (in litres of pure alcohol) (SDG Indicator 3.5.2), three-year average",text,SEAR,South-East Asia,Country,NPL,Nepal,Year,2022,true,Sex,Both sexes,SEX_BTSX,,,,,,,,,,3.73,,,2.52,,4.93,3.7 [2.5 - 4.9],,,EN,2025-05-12T21:00:00.000Z
SA_0000001688,"Alcohol, total per capita (15+) consumption (in litres of pure alcohol) (SDG Indicator 3.5.2), three-year average",text,AFR,Africa,Country,CPV,Cabo Verde,Year,2022,true,Sex,Both sexes,SEX_BTSX,,,,,,,,,,3.83,,,2.69,,4.95,3.8 [2.7 - 4.9],,,EN,2025-05-12T21:00:00.000Z
SA_0000001688,"Alcohol, total per capita (15+) consumption (in litres of pure alcohol) (SDG Indicator 3.5.2), three-year average",text,AFR,Africa,Country,LSO,Lesotho,Year,2022,true,Sex,Both sexes,SEX_BTSX,,,,,,,,,,3.85,,,2.65,,5,3.8 [2.7 - 5.0],,,EN,2025-05-12T21:00:00.000Z
SA_0000001688,"Alcohol, total per capita (15+) consumption (in litres of pure alcohol) (SDG Indicator 3.5.2), three-year average",text,AMR,Americas,Country,CRI,Costa Rica,Year,2022,true,Sex,Both sexes,SEX_BTSX,,,,,,,,,,3.8,,,2.8,,4.83,3.8 [2.8 - 4.8],,,EN,2025-05-12T21:00:00.000Z
SA_0000001688,"Alcohol, total per capita (15+) consumption (in litres of pure alcohol) (SDG Indicator 3.5.2), three-year average",text,EUR,Europe,Country,KGZ,Kyrgyzstan,Year,2022,true,Sex,Both sexes,SEX_BTSX,,,,,,,,,,3.92,,,2.92,,5.01,3.9 [2.9 - 5.0],,,EN,2025-05-12T21:00:00.000Z
SA_0000001688,"Alcohol, total per capita (15+) consumption (in litres of pure alcohol) (SDG Indicator 3.5.2), three-year average",text,AMR,Americas,Country,NIC,Nicaragua,Year,2022,true,Sex,Both sexes,SEX_BTSX,,,,,,,,,,3.93,,,2.92,,5.03,3.9 [2.9 - 5.0],,,EN,2025-05-12T21:00:00.000Z
SA_0000001688,"Alcohol, total per capita (15+) consumption (in litres of pure alcohol) (SDG Indicator 3.5.2), three-year average",text,AMR,Americas,Country,JAM,Jamaica,Year,2022,true,Sex,Both sexes,SEX_BTSX,,,,,,,,,,3.93,,,2.88,,5.21,3.9 [2.9 - 5.2],,,EN,2025-05-12T21:00:00.000Z
SA_0000001688,"Alcohol, total per capita (15+) consumption (in litres of pure alcohol) (SDG Indicator 3.5.2), three-year average",text,AFR,Africa,Country,AGO,Angola,Year,2022,true,Sex,Both sexes,SEX_BTSX,,,,,,,,,,3.98,,,2.99,,5.07,4.0 [3.0 - 5.1],,,EN,2025-05-12T21:00:00.000Z
SA_0000001688,"Alcohol, total per capita (15+) consumption (in litres of pure alcohol) (SDG Indicator 3.5.2), three-year average",text,EUR,Europe,Country,ARM,Armenia,Year,2022,true,Sex,Both sexes,SEX_BTSX,,,,,,,,,,4.3,,,3.2,,5.51,4.3 [3.2 - 5.5],,,EN,2025-05-12T21:00:00.000Z
SA_0000001688,"Alcohol, total per capita (15+) consumption (in litres of pure alcohol) (SDG Indicator 3.5.2), three-year average",text,AMR,Americas,Country,COL,Colombia,Year,2022,true,Sex,Both sexes,SEX_BTSX,,,,,,,,,,4.32,,,3.21,,5.5,4.3 [3.2 - 5.5],,,EN,2025-05-12T21:00:00.000Z
SA_0000001688,"Alcohol, total per capita (15+) consumption (in litres of pure alcohol) (SDG Indicator 3.5.2), three-year average",text,AFR,Africa,Country,GHA,Ghana,Year,2022,true,Sex,Both sexes,SEX_BTSX,,,,,,,,,,4.44,,,2.96,,5.8,4.4 [3.0 - 5.8],,,EN,2025-05-12T21:00:00.000Z
SA_0000001688,"Alcohol, total per capita (15+) consumption (in litres of pure alcohol) (SDG Indicator 3.5.2), three-year average",text,SEAR,South-East Asia,Country,BTN,Bhutan,Year,2022,true,Sex,Both sexes,SEX_BTSX,,,,,,,,,,4.44,,,3.14,,5.76,4.4 [3.1 - 5.8],,,EN,2025-05-12T21:00:00.000Z
SA_0000001688,"Alcohol, total per capita (15+) consumption (in litres of pure alcohol) (SDG Indicator 3.5.2), three-year average",text,AFR,Africa,Country,CIV,Cote d'Ivoire,Year,2022,true,Sex,Both sexes,SEX_BTSX,,,,,,,,,,4.49,,,3.27,,5.69,4.5 [3.3 - 5.7],,,EN,2025-05-12T21:00:00.000Z
SA_0000001688,"Alcohol, total per capita (15+) consumption (in litres of pure alcohol) (SDG Indicator 3.5.2), three-year average",text,WPR,Western Pacific,Country,CHN,China,Year,2022,true,Sex,Both sexes,SEX_BTSX,,,,,,,,,,4.52,,,3.32,,5.76,4.5 [3.3 - 5.8],,,EN,2025-05-12T21:00:00.000Z
SA_0000001688,"Alcohol, total per capita (15+) consumption (in litres of pure alcohol) (SDG Indicator 3.5.2), three-year average",text,SEAR,South-East Asia,Country,IND,India,Year,2022,true,Sex,Both sexes,SEX_BTSX,,,,,,,,,,4.54,,,3.33,,5.84,4.5 [3.3 - 5.8],,,EN,2025-05-12T21:00:00.000Z
SA_0000001688,"Alcohol, total per capita (15+) consumption (in litres of pure alcohol) (SDG Indicator 3.5.2), three-year average",text,AFR,Africa,Country,BDI,Burundi,Year,2022,true,Sex,Both sexes,SEX_BTSX,,,,,,,,,,4.54,,,3.36,,5.81,4.5 [3.4 - 5.8],,,EN,2025-05-12T21:00:00.000Z
SA_0000001688,"Alcohol, total per capita (15+) consumption (in litres of pure alcohol) (SDG Indicator 3.5.2), three-year average",text,AMR,Americas,Country,TTO,Trinidad and Tobago,Year,2022,true,Sex,Both sexes,SEX_BTSX,,,,,,,,,,4.77,,,3.72,,5.94,4.8 [3.7 - 5.9],,,EN,2025-05-12T21:00:00.000Z
SA_0000001688,"Alcohol, total per capita (15+) consumption (in litres of pure alcohol) (SDG Indicator 3.5.2), three-year average",text,SEAR,South-East Asia,Country,PRK,Democratic People's Republic of Korea,Year,2022,true,Sex,Both sexes,SEX_BTSX,,,,,,,,,,4.75,,,3.69,,6.05,4.8 [3.7 - 6.0],,,EN,2025-05-12T21:00:00.000Z
SA_0000001688,"Alcohol, total per capita (15+) consumption (in litres of pure alcohol) (SDG Indicator 3.5.2), three-year average",text,EUR,Europe,Country,ALB,Albania,Year,2022,true,Sex,Both sexes,SEX_BTSX,,,,,,,,,,4.97,,,3.56,,6.35,5.0 [3.6 - 6.3],,,EN,2025-05-12T21:00:00.000Z
SA_0000001688,"Alcohol, total per capita (15+) consumption (in litres of pure alcohol) (SDG Indicator 3.5.2), three-year average",text,AMR,Americas,Country,BLZ,Belize,Year,2022,true,Sex,Both sexes,SEX_BTSX,,,,,,,,,,5.07,,,3.92,,6.4,5.1 [3.9 - 6.4],,,EN,2025-05-12T21:00:00.000Z
SA_0000001688,"Alcohol, total per capita (15+) consumption (in litres of pure alcohol) (SDG Indicator 3.5.2), three-year average",text,AMR,Americas,Country,DOM,Dominican Republic,Year,2022,true,Sex,Both sexes,SEX_BTSX,,,,,,,,,,5.17,,,3.87,,6.47,5.2 [3.9 - 6.5],,,EN,2025-05-12T21:00:00.000Z
SA_0000001688,"Alcohol, total per capita (15+) consumption (in litres of pure alcohol) (SDG Indicator 3.5.2), three-year average",text,EUR,Europe,Country,CYP,Cyprus,Year,2022,true,Sex,Both sexes,SEX_BTSX,,,,,,,,,,5.21,,,3.98,,6.53,5.2 [4.0 - 6.5],,,EN,2025-05-12T21:00:00.000Z
SA_0000001688,"Alcohol, total per capita (15+) consumption (in litres of pure alcohol) (SDG Indicator 3.5.2), three-year average",text,AMR,Americas,Country,GUY,Guyana,Year,2022,true,Sex,Both sexes,SEX_BTSX,,,,,,,,,,5.28,,,4.07,,6.51,5.3 [4.1 - 6.5],,,EN,2025-05-12T21:00:00.000Z
SA_0000001688,"Alcohol, total per capita (15+) consumption (in litres of pure alcohol) (SDG Indicator 3.5.2), three-year average",text,AFR,Africa,Country,ZWE,Zimbabwe,Year,2022,true,Sex,Both sexes,SEX_BTSX,,,,,,,,,,5.43,,,4.01,,6.77,5.4 [4.0 - 6.8],,,EN,2025-05-12T21:00:00.000Z
SA_0000001688,"Alcohol, total per capita (15+) consumption (in litres of pure alcohol) (SDG Indicator 3.5.2), three-year average",text,EUR,Europe,Country,KAZ,Kazakhstan,Year,2022,true,Sex,Both sexes,SEX_BTSX,,,,,,,,,,5.37,,,4.19,,6.55,5.4 [4.2 - 6.6],,,EN,2025-05-12T21:00:00.000Z
SA_0000001688,"Alcohol, total per capita (15+) consumption (in litres of pure alcohol) (SDG Indicator 3.5.2), three-year average",text,WPR,Western Pacific,Country,KHM,Cambodia,Year,2022,true,Sex,Both sexes,SEX_BTSX,,,,,,,,,,5.4,,,4.23,,6.69,5.4 [4.2 - 6.7],,,EN,2025-05-12T21:00:00.000Z
SA_0000001688,"Alcohol, total per capita (15+) consumption (in litres of pure alcohol) (SDG Indicator 3.5.2), three-year average",text,AFR,Africa,Country,TZA,United Republic of Tanzania,Year,2022,true,Sex,Both sexes,SEX_BTSX,,,,,,,,,,5.56,,,3.98,,7.13,5.6 [4.0 - 7.1],,,EN,2025-05-12T21:00:00.000Z
SA_0000001688,"Alcohol, total per capita (15+) consumption (in litres of pure alcohol) (SDG Indicator 3.5.2), three-year average",text,AMR,Americas,Country,CUB,Cuba,Year,2022,true,Sex,Both sexes,SEX_BTSX,,,,,,,,,,5.63,,,4.19,,7.1,5.6 [4.2 - 7.1],,,EN,2025-05-12T21:00:00.000Z
SA_0000001688,"Alcohol, total per capita (15+) consumption (in litres of pure alcohol) (SDG Indicator 3.5.2), three-year average",text,AFR,Africa,Country,STP,Sao Tome and Principe,Year,2022,true,Sex,Both sexes,SEX_BTSX,,,,,,,,,,5.67,,,4.25,,7.03,5.7 [4.3 - 7.0],,,EN,2025-05-12T21:00:00.000Z
SA_0000001688,"Alcohol, total per capita (15+) consumption (in litres of pure alcohol) (SDG Indicator 3.5.2), three-year average",text,WPR,Western Pacific,Country,PHL,Philippines,Year,2022,true,Sex,Both sexes,SEX_BTSX,,,,,,,,,,5.69,,,4.36,,7.08,5.7 [4.4 - 7.1],,,EN,2025-05-12T21:00:00.000Z
SA_0000001688,"Alcohol, total per capita (15+) consumption (in litres of pure alcohol) (SDG Indicator 3.5.2), three-year average",text,EUR,Europe,Country,MKD,North Macedonia,Year,2022,true,Sex,Both sexes,SEX_BTSX,,,,,,,,,,5.76,,,4.39,,7.06,5.8 [4.4 - 7.1],,,EN,2025-05-12T21:00:00.000Z
SA_0000001688,"Alcohol, total per capita (15+) consumption (in litres of pure alcohol) (SDG Indicator 3.5.2), three-year average",text,AMR,Americas,Country,SUR,Suriname,Year,2022,true,Sex,Both sexes,SEX_BTSX,,,,,,,,,,5.92,,,4.65,,7.27,5.9 [4.6 - 7.3],,,EN,2025-05-12T21:00:00.000Z
SA_0000001688,"Alcohol, total per capita (15+) consumption (in litres of pure alcohol) (SDG Indicator 3.5.2), three-year average",text,AMR,Americas,Country,MEX,Mexico,Year,2022,true,Sex,Both sexes,SEX_BTSX,,,,,,,,,,6.01,,,4.6,,7.42,6.0 [4.6 - 7.4],,,EN,2025-05-12T21:00:00.000Z
SA_0000001688,"Alcohol, total per capita (15+) consumption (in litres of pure alcohol) (SDG Indicator 3.5.2), three-year average",text,AFR,Africa,Country,BWA,Botswana,Year,2022,true,Sex,Both sexes,SEX_BTSX,,,,,,,,,,6.04,,,4.77,,7.43,6.0 [4.8 - 7.4],,,EN,2025-05-12T21:00:00.000Z
SA_0000001688,"Alcohol, total per capita (15+) consumption (in litres of pure alcohol) (SDG Indicator 3.5.2), three-year average",text,AFR,Africa,Country,GNQ,Equatorial Guinea,Year,2022,true,Sex,Both sexes,SEX_BTSX,,,,,,,,,,6.07,,,4.83,,7.36,6.1 [4.8 - 7.4],,,EN,2025-05-12T21:00:00.000Z
SA_0000001688,"Alcohol, total per capita (15+) consumption (in litres of pure alcohol) (SDG Indicator 3.5.2), three-year average",text,AMR,Americas,Country,URY,Uruguay,Year,2022,true,Sex,Both sexes,SEX_BTSX,,,,,,,,,,6.16,,,4.93,,7.53,6.2 [4.9 - 7.5],,,EN,2025-05-12T21:00:00.000Z
SA_0000001688,"Alcohol, total per capita (15+) consumption (in litres of pure alcohol) (SDG Indicator 3.5.2), three-year average",text,EUR,Europe,Country,MLT,Malta,Year,2022,true,Sex,Both sexes,SEX_BTSX,,,,,,,,,,6.2,,,4.86,,7.64,6.2 [4.9 - 7.6],,,EN,2025-05-12T21:00:00.000Z
SA_0000001688,"Alcohol, total per capita (15+) consumption (in litres of pure alcohol) (SDG Indicator 3.5.2), three-year average",text,AFR,Africa,Country,UGA,Uganda,Year,2022,true,Sex,Both sexes,SEX_BTSX,,,,,,,,,,6.33,,,4.81,,7.93,6.3 [4.8 - 7.9],,,EN,2025-05-12T21:00:00.000Z
SA_0000001688,"Alcohol, total per capita (15+) consumption (in litres of pure alcohol) (SDG Indicator 3.5.2), three-year average",text,EUR,Europe,Country,BIH,Bosnia and Herzegovina,Year,2022,true,Sex,Both sexes,SEX_BTSX,,,,,,,,,,6.33,,,4.91,,7.82,6.3 [4.9 - 7.8],,,EN,2025-05-12T21:00:00.000Z
SA_0000001688,"Alcohol, total per capita (15+) consumption (in litres of pure alcohol) (SDG Indicator 3.5.2), three-year average",text,WPR,Western Pacific,Country,JPN,Japan,Year,2022,true,Sex,Both sexes,SEX_BTSX,,,,,,,,,,6.31,,,5.04,,7.64,6.3 [5.0 - 7.6],,,EN,2025-05-12T21:00:00.000Z
SA_0000001688,"Alcohol, total per capita (15+) consumption (in litres of pure alcohol) (SDG Indicator 3.5.2), three-year average",text,AMR,Americas,Country,PAN,Panama,Year,2022,true,Sex,Both sexes,SEX_BTSX,,,,,,,,,,6.27,,,4.97,,7.65,6.3 [5.0 - 7.6],,,EN,2025-05-12T21:00:00.000Z
SA_0000001688,"Alcohol, total per capita (15+) consumption (in litres of pure alcohol) (SDG Indicator 3.5.2), three-year average",text,AFR,Africa,Country,COG,Congo,Year,2022,true,Sex,Both sexes,SEX_BTSX,,,,,,,,,,6.35,,,4.99,,7.74,6.4 [5.0 - 7.7],,,EN,2025-05-12T21:00:00.000Z
SA_0000001688,"Alcohol, total per capita (15+) consumption (in litres of pure alcohol) (SDG Indicator 3.5.2), three-year average",text,AFR,Africa,Country,RWA,Rwanda,Year,2022,true,Sex,Both sexes,SEX_BTSX,,,,,,,,,,6.47,,,4.71,,8.21,6.5 [4.7 - 8.2],,,EN,2025-05-12T21:00:00.000Z
SA_0000001688,"Alcohol, total per capita (15+) consumption (in litres of pure alcohol) (SDG Indicator 3.5.2), three-year average",text,AMR,Americas,Country,PRY,Paraguay,Year,2022,true,Sex,Both sexes,SEX_BTSX,,,,,,,,,,6.66,,,5.28,,8.1,6.7 [5.3 - 8.1],,,EN,2025-05-12T21:00:00.000Z
SA_0000001688,"Alcohol, total per capita (15+) consumption (in litres of pure alcohol) (SDG Indicator 3.5.2), three-year average",text,AMR,Americas,Country,PER,Peru,Year,2022,true,Sex,Both sexes,SEX_BTSX,,,,,,,,,,6.79,,,5.3,,8.3,6.8 [5.3 - 8.3],,,EN,2025-05-12T21:00:00.000Z
SA_0000001688,"Alcohol, total per capita (15+) consumption (in litres of pure alcohol) (SDG Indicator 3.5.2), three-year average",text,AMR,Americas,Country,VCT,Saint Vincent and the Grenadines,Year,2022,true,Sex,Both sexes,SEX_BTSX,,,,,,,,,,6.81,,,5.59,,8.25,6.8 [5.6 - 8.2],,,EN,2025-05-12T21:00:00.000Z
SA_0000001688,"Alcohol, total per capita (15+) consumption (in litres of pure alcohol) (SDG Indicator 3.5.2), three-year average",text,AMR,Americas,Country,BHS,Bahamas,Year,2022,true,Sex,Both sexes,SEX_BTSX,,,,,,,,,,6.91,,,5.51,,8.51,6.9 [5.5 - 8.5],,,EN,2025-05-12T21:00:00.000Z
SA_0000001688,"Alcohol, total per capita (15+) consumption (in litres of pure alcohol) (SDG Indicator 3.5.2), three-year average",text,AFR,Africa,Country,BEN,Benin,Year,2022,true,Sex,Both sexes,SEX_BTSX,,,,,,,,,,6.98,,,5.29,,8.67,7.0 [5.3 - 8.7],,,EN,2025-05-12T21:00:00.000Z
SA_0000001688,"Alcohol, total per capita (15+) consumption (in litres of pure alcohol) (SDG Indicator 3.5.2), three-year average",text,EUR,Europe,Country,GRC,Greece,Year,2022,true,Sex,Both sexes,SEX_BTSX,,,,,,,,,,6.98,,,5.54,,8.44,7.0 [5.5 - 8.4],,,EN,2025-05-12T21:00:00.000Z
SA_0000001688,"Alcohol, total per capita (15+) consumption (in litres of pure alcohol) (SDG Indicator 3.5.2), three-year average",text,AMR,Americas,Country,DMA,Dominica,Year,2022,true,Sex,Both sexes,SEX_BTSX,,,,,,,,,,6.98,,,5.64,,8.48,7.0 [5.6 - 8.5],,,EN,2025-05-12T21:00:00.000Z
SA_0000001688,"Alcohol, total per capita (15+) consumption (in litres of pure alcohol) (SDG Indicator 3.5.2), three-year average",text,AMR,Americas,Country,KNA,Saint Kitts and Nevis,Year,2022,true,Sex,Both sexes,SEX_BTSX,,,,,,,,,,7.01,,,5.71,,8.55,7.0 [5.7 - 8.6],,,EN,2025-05-12T21:00:00.000Z
SA_0000001688,"Alcohol, total per capita (15+) consumption (in litres of pure alcohol) (SDG Indicator 3.5.2), three-year average",text,AFR,Africa,Country,SWZ,Eswatini,Year,2022,true,Sex,Both sexes,SEX_BTSX,,,,,,,,,,7.22,,,5.73,,8.67,7.2 [5.7 - 8.7],,,EN,2025-05-12T21:00:00.000Z
SA_0000001688,"Alcohol, total per capita (15+) consumption (in litres of pure alcohol) (SDG Indicator 3.5.2), three-year average",text,EUR,Europe,Country,UKR,Ukraine,Year,2022,true,Sex,Both sexes,SEX_BTSX,,,,,,,,,,7.43,,,5.69,,9.11,7.4 [5.7 - 9.1],,,EN,2025-05-12T21:00:00.000Z
SA_0000001688,"Alcohol, total per capita (15+) consumption (in litres of pure alcohol) (SDG Indicator 3.5.2), three-year average",text,AFR,Africa,Country,BFA,Burkina Faso,Year,2022,true,Sex,Both sexes,SEX_BTSX,,,,,,,,,,7.46,,,5.76,,9.14,7.5 [5.8 - 9.1],,,EN,2025-05-12T21:00:00.000Z
SA_0000001688,"Alcohol, total per capita (15+) consumption (in litres of pure alcohol) (SDG Indicator 3.5.2), three-year average",text,EUR,Europe,Country,NOR,Norway,Year,2022,true,Sex,Both sexes,SEX_BTSX,,,,,,,,,,7.48,,,6.14,,8.97,7.5 [6.1 - 9.0],,,EN,2025-05-12T21:00:00.000Z
SA_0000001688,"Alcohol, total per capita (15+) consumption (in litres of pure alcohol) (SDG Indicator 3.5.2), three-year average",text,SEAR,South-East Asia,Country,THA,Thailand,Year,2022,true,Sex,Both sexes,SEX_BTSX,,,,,,,,,,7.63,,,6.17,,9.27,7.6 [6.2 - 9.3],,,EN,2025-05-12T21:00:00.000Z
SA_0000001688,"Alcohol, total per capita (15+) consumption (in litres of pure alcohol) (SDG Indicator 3.5.2), three-year average",text,AFR,Africa,Country,MUS,Mauritius,Year,2022,true,Sex,Both sexes,SEX_BTSX,,,,,,,,,,7.65,,,6.12,,9.13,7.7 [6.1 - 9.1],,,EN,2025-05-12T21:00:00.000Z
SA_0000001688,"Alcohol, total per capita (15+) consumption (in litres of pure alcohol) (SDG Indicator 3.5.2), three-year average",text,WPR,Western Pacific,Country,MNG,Mongolia,Year,2022,true,Sex,Both sexes,SEX_BTSX,,,,,,,,,,7.74,,,6.22,,9.25,7.7 [6.2 - 9.3],,,EN,2025-05-12T21:00:00.000Z
SA_0000001688,"Alcohol, total per capita (15+) consumption (in litres of pure alcohol) (SDG Indicator 3.5.2), three-year average",text,AMR,Americas,Country,GRD,Grenada,Year,2022,true,Sex,Both sexes,SEX_BTSX,,,,,,,,,,7.77,,,6.35,,9.42,7.8 [6.3 - 9.4],,,EN,2025-05-12T21:00:00.000Z
SA_0000001688,"Alcohol, total per capita (15+) consumption (in litres of pure alcohol) (SDG Indicator 3.5.2), three-year average",text,AFR,Africa,Country,ZAF,South Africa,Year,2022,true,Sex,Both sexes,SEX_BTSX,,,,,,,,,,7.79,,,6.37,,9.33,7.8 [6.4 - 9.3],,,EN,2025-05-12T21:00:00.000Z
SA_0000001688,"Alcohol, total per capita (15+) consumption (in litres of pure alcohol) (SDG Indicator 3.5.2), three-year average",text,AFR,Africa,Country,GAB,Gabon,Year,2022,true,Sex,Both sexes,SEX_BTSX,,,,,,,,,,7.87,,,6.42,,9.38,7.9 [6.4 - 9.4],,,EN,2025-05-12T21:00:00.000Z
SA_0000001688,"Alcohol, total per capita (15+) consumption (in litres of pure alcohol) (SDG Indicator 3.5.2), three-year average",text,AMR,Americas,Country,CHL,Chile,Year,2022,true,Sex,Both sexes,SEX_BTSX,,,,,,,,,,7.93,,,6.47,,9.44,7.9 [6.5 - 9.4],,,EN,2025-05-12T21:00:00.000Z
SA_0000001688,"Alcohol, total per capita (15+) consumption (in litres of pure alcohol) (SDG Indicator 3.5.2), three-year average",text,AFR,Africa,Country,CMR,Cameroon,Year,2022,true,Sex,Both sexes,SEX_BTSX,,,,,,,,,,7.97,,,6.04,,9.83,8.0 [6.0 - 9.8],,,EN,2025-05-12T21:00:00.000Z
SA_0000001688,"Alcohol, total per capita (15+) consumption (in litres of pure alcohol) (SDG Indicator 3.5.2), three-year average",text,EUR,Europe,Country,MNE,Montenegro,Year,2022,true,Sex,Both sexes,SEX_BTSX,,,,,,,,,,8.01,,,6.47,,9.65,8.0 [6.5 - 9.6],,,EN,2025-05-12T21:00:00.000Z
SA_0000001688,"Alcohol, total per capita (15+) consumption (in litres of pure alcohol) (SDG Indicator 3.5.2), three-year average",text,EUR,Europe,Country,ISL,Iceland,Year,2022,true,Sex,Both sexes,SEX_BTSX,,,,,,,,,,8.21,,,6.77,,9.8,8.2 [6.8 - 9.8],,,EN,2025-05-12T21:00:00.000Z
SA_0000001688,"Alcohol, total per capita (15+) consumption (in litres of pure alcohol) (SDG Indicator 3.5.2), three-year average",text,EUR,Europe,Country,ITA,Italy,Year,2022,true,Sex,Both sexes,SEX_BTSX,,,,,,,,,,8.33,,,6.91,,9.93,8.3 [6.9 - 9.9],,,EN,2025-05-12T21:00:00.000Z
SA_0000001688,"Alcohol, total per capita (15+) consumption (in litres of pure alcohol) (SDG Indicator 3.5.2), three-year average",text,WPR,Western Pacific,Country,KOR,Republic of Korea,Year,2022,true,Sex,Both sexes,SEX_BTSX,,,,,,,,,,8.36,,,6.91,,9.94,8.4 [6.9 - 9.9],,,EN,2025-05-12T21:00:00.000Z
SA_0000001688,"Alcohol, total per capita (15+) consumption (in litres of pure alcohol) (SDG Indicator 3.5.2), three-year average",text,EUR,Europe,Country,NLD,Netherlands (Kingdom of the),Year,2022,true,Sex,Both sexes,SEX_BTSX,,,,,,,,,,8.7,,,7.19,,10.23,8.7 [7.2 - 10.2],,,EN,2025-05-12T21:00:00.000Z
SA_0000001688,"Alcohol, total per capita (15+) consumption (in litres of pure alcohol) (SDG Indicator 3.5.2), three-year average",text,EUR,Europe,Country,BEL,Belgium,Year,2022,true,Sex,Both sexes,SEX_BTSX,,,,,,,,,,8.74,,,7.2,,10.27,8.7 [7.2 - 10.3],,,EN,2025-05-12T21:00:00.000Z
SA_0000001688,"Alcohol, total per capita (15+) consumption (in litres of pure alcohol) (SDG Indicator 3.5.2), three-year average",text,AMR,Americas,Country,ARG,Argentina,Year,2022,true,Sex,Both sexes,SEX_BTSX,,,,,,,,,,8.84,,,7.42,,10.36,8.8 [7.4 - 10.4],,,EN,2025-05-12T21:00:00.000Z
SA_0000001688,"Alcohol, total per capita (15+) consumption (in litres of pure alcohol) (SDG Indicator 3.5.2), three-year average",text,EUR,Europe,Country,SRB,Serbia,Year,2022,true,Sex,Both sexes,SEX_BTSX,,,,,,,,,,9.03,,,7.39,,10.75,9.0 [7.4 - 10.8],,,EN,2025-05-12T21:00:00.000Z
SA_0000001688,"Alcohol, total per capita (15+) consumption (in litres of pure alcohol) (SDG Indicator 3.5.2), three-year average",text,WPR,Western Pacific,Country,NZL,New Zealand,Year,2022,true,Sex,Both sexes,SEX_BTSX,,,,,,,,,,9.21,,,7.72,,10.86,9.2 [7.7 - 10.9],,,EN,2025-05-12T21:00:00.000Z
SA_0000001688,"Alcohol, total per capita (15+) consumption (in litres of pure alcohol) (SDG Indicator 3.5.2), three-year average",text,EUR,Europe,Country,CHE,Switzerland,Year,2022,true,Sex,Both sexes,SEX_BTSX,,,,,,,,,,9.16,,,7.68,,10.87,9.2 [7.7 - 10.9],,,EN,2025-05-12T21:00:00.000Z
SA_0000001688,"Alcohol, total per capita (15+) consumption (in litres of pure alcohol) (SDG Indicator 3.5.2), three-year average",text,AMR,Americas,Country,BRA,Brazil,Year,2022,true,Sex,Both sexes,SEX_BTSX,,,,,,,,,,9.38,,,7.78,,11.09,9.4 [7.8 - 11.1],,,EN,2025-05-12T21:00:00.000Z
SA_0000001688,"Alcohol, total per capita (15+) consumption (in litres of pure alcohol) (SDG Indicator 3.5.2), three-year average",text,AMR,Americas,Country,ATG,Antigua and Barbuda,Year,2022,true,Sex,Both sexes,SEX_BTSX,,,,,,,,,,9.43,,,7.86,,11.13,9.4 [7.9 - 11.1],,,EN,2025-05-12T21:00:00.000Z
SA_0000001688,"Alcohol, total per capita (15+) consumption (in litres of pure alcohol) (SDG Indicator 3.5.2), three-year average",text,EUR,Europe,Country,FIN,Finland,Year,2022,true,Sex,Both sexes,SEX_BTSX,,,,,,,,,,9.51,,,7.78,,11.19,9.5 [7.8 - 11.2],,,EN,2025-05-12T21:00:00.000Z
SA_0000001688,"Alcohol, total per capita (15+) consumption (in litres of pure alcohol) (SDG Indicator 3.5.2), three-year average",text,AMR,Americas,Country,BRB,Barbados,Year,2022,true,Sex,Both sexes,SEX_BTSX,,,,,,,,,,9.49,,,7.9,,11.28,9.5 [7.9 - 11.3],,,EN,2025-05-12T21:00:00.000Z
SA_0000001688,"Alcohol, total per capita (15+) consumption (in litres of pure alcohol) (SDG Indicator 3.5.2), three-year average",text,EUR,Europe,Country,SWE,Sweden,Year,2022,true,Sex,Both sexes,SEX_BTSX,,,,,,,,,,9.61,,,7.78,,11.39,9.6 [7.8 - 11.4],,,EN,2025-05-12T21:00:00.000Z
SA_0000001688,"Alcohol, total per capita (15+) consumption (in litres of pure alcohol) (SDG Indicator 3.5.2), three-year average",text,AMR,Americas,Country,USA,United States of America,Year,2022,true,Sex,Both sexes,SEX_BTSX,,,,,,,,,,9.81,,,8.18,,11.37,9.8 [8.2 - 11.4],,,EN,2025-05-12T21:00:00.000Z
